<?xml version="1.0" encoding="UTF-8" standalone="yes"?>
<addon id="resource.images.skinbackgrounds.ftvgrid" name="Skin Backgrounds - FisheeTV (Grid)" version="1.0.0" provider-name="FisheeTV">
	<extension point="kodi.resource.images" compile="false" type="skinbackgrounds" />
	<requires>
		<import addon="kodi.resource" version="1.0.0"/>
	</requires>
	<extension point="xbmc.addon.metadata">
		<summary lang="en">Skin Backgrounds - FisheeTV (Grid) V4.0</summary>
		<description lang="en">Skin Backgrounds - FisheeTV (Grid) V4.0</description>
		<platform>all</platform>
	</extension>
</addon>
