<?xml version='1.0' encoding='utf-8'?>
<addon id="plugin.video.fisheetv" name="FisheeTV" version="0.7.7+py2" provider-name="Jellyfin Contributors, angelblue05, FisheeTV">
  <requires>
    <import addon="xbmc.python" version="2.25.0" />
    <import addon="script.module.requests" version="2.22.0" />
    <import addon="script.module.dateutil" version="2.8.1" />
    <import addon="script.module.six" version="1.13.0" />
    <import addon="script.module.kodi-six" version="0.0.7" />
    <import addon="script.module.addon.signals" version="0.0.5" />
    <import addon="script.module.futures" version="2.2.0" />
    <import addon="script.module.websocket" version="0.57.0" />
  </requires>
  <extension point="xbmc.python.pluginsource" library="default.py">
    <provides>video audio image</provides>
  </extension>
  <extension point="xbmc.service" library="service.py" start="login">
  </extension>
  <extension point="kodi.context.item">
    <menu id="kodi.core.main">
      <item library="context.py">
        <label>30401</label>
        <visible>[!String.IsEmpty(ListItem.DBID) + !String.IsEqual(ListItem.DBID,-1) | !String.IsEmpty(ListItem.Property(jellyfinid))] + !String.IsEmpty(Window(10000).Property(jellyfin_context))</visible>
      </item>
      <item library="context_play.py">
        <label>30402</label>
        <visible>[[!String.IsEmpty(ListItem.DBID) + !String.IsEqual(ListItem.DBID,-1) | !String.IsEmpty(ListItem.Property(jellyfinid))] + [String.IsEqual(ListItem.DBTYPE,movie) | String.IsEqual(ListItem.DBTYPE,episode)]] + !String.IsEmpty(Window(10000).Property(jellyfin_context_transcode))</visible>
      </item>
    </menu>
  </extension>
  <extension point="xbmc.addon.metadata">
    <platform>all</platform>
    <language>en</language>
    <license>GNU GENERAL PUBLIC LICENSE. Version 3, 29 June 2007</license>
    <forum></forum>
    <website>http://fisheetv.ddns.net/</website>
    <source></source>
    <summary lang="en" />
    <description lang="en">Welcome to FisheeTV for Kodi!
A whole new way to manage and view your FisheeTV media library. The FisheeTV addon for Kodi combines the best of Kodi - ultra smooth navigation, beautiful UIs and playback of any file under the sun, and FisheeTV - the most powerful, multi-client media server.

FisheeTV for Kodi is the absolute best way to enjoy the incredible Kodi playback engine combined with the power of FisheeTV's centralized database. Features:
* Direct integration with the Kodi library for native Kodi speed
* Instant synchronization with the FisheeTV server
* Full support for Movie, TV and Music collections
* FisheeTV Server direct stream and transcoding support - use Kodi when you are away from home!</description>
    <news>v0.7.7 (2021-10-20):
Bug Fixes
---------
+ Remove enum dependency (#591) @oddstr13</news>
    <assets>
      <icon>resources/icon.png</icon>
      <fanart>resources/fanart.png</fanart>
    </assets>
  </extension>
</addon>
